overall_1%,overall_5%,overall_25%,overall_50%,overall_75%,overall_95%,overall_99%,simple_1%,simple_5%,simple_25%,simple_50%,simple_75%,simple_95%,simple_99%,complex_1%,complex_5%,complex_25%,complex_50%,complex_75%,complex_95%,complex_99%,dname,substrNum,complexRate,lossCoff
0.06111757234069612,0.1760581898809524,0.6224488616071429,1.1160569,1.5737106749999998,5.971650781818171,19.86034499000001,0.07744527947669173,0.1694880314285714,0.5465450683110368,0.9662673183873525,1.4920963519662922,6.604593396428583,23.63194153999999,0.05130626715527951,0.18316659536363636,0.76726200625,1.1550095,1.6347691750000002,5.614214809999982,15.644342769999994,DBLP,1,0.0,0.5
0.06590062092257687,0.1968633654761905,0.6931993211864407,1.1745416454965358,1.8526506241329481,6.168287224999997,21.893303348823654,0.10181517573571429,0.2298137269778484,0.6626595147637603,1.1188238836734694,2.0104236532608697,8.796277087500002,36.01905688999978,0.04990881867741936,0.17277794215217393,0.739925325,1.1987466000000002,1.743523775,4.652044309999997,11.304280261666662,DBLP,1,0.0,1.0
0.053448129596774197,0.18026994342765046,0.6827740958333334,1.1670080999999999,1.6687071090067342,6.516563939999996,23.77966260000001,0.07654245406140352,0.18422618012500003,0.6427519323770492,1.0813014138888888,1.7436390694933923,7.694527596502354,34.97655579621808,0.046815975387380776,0.173040022184874,0.7600783642857143,1.1923004000000001,1.5985423012396696,5.602472583333333,14.506515084999958,DBLP,1,0.0,1.5
0.05607083060466897,0.18003834383333336,0.612263247769953,1.0,1.5221660083333335,6.125626399999988,25.722745050000032,0.058743138631720426,0.18388310542518319,0.5739713581818181,1.0,1.8263754749999999,8.883158060000007,40.83956964999971,0.053898011375,0.17613871008333334,0.6653177551946284,1.00376515,1.357433725,4.310711074999996,11.437126824999996,DBLP,1,0.2,0.5
0.06829540575,0.20738412479166668,0.6436473749999999,1.0683734793214863,1.5097464958333333,6.442944432045453,22.804153460000016,0.06870111445906434,0.20818067178032054,0.5988003033333333,1.02401525,1.7650970846142786,8.901075558333353,42.17530124999975,0.0681714672338983,0.20305796666666667,0.70818641875,1.0786818,1.35671535,4.828021349999991,11.978599999999977,DBLP,1,0.2,1.0
0.055744287401869166,0.14415870793981483,0.5391473491071428,1.0008138999999998,1.4562324000000002,4.7550319049999965,20.582537380000293,0.06563548178589744,0.14893481484126986,0.4883826471816283,0.9541792161958778,1.689100794047619,7.309653450000008,33.419204824999895,0.04303185136581197,0.1383323781547619,0.6021149625,1.0178498,1.3276894750000001,3.211441749999999,8.083586677000001,DBLP,1,0.2,1.5
0.051359217270753516,0.1383395356557377,0.5104065871090574,1.118350175,1.4800994250000001,5.00563250833333,18.442334213750062,0.04743751115384616,0.12830574894976307,0.41371642816025783,0.8765942,1.6322885857142857,7.675786184545458,32.484663229999974,0.05199473442601036,0.15470787104166667,0.638197575,1.1758203,1.420379675,3.372028027499995,7.922007974999999,DBLP,1,0.5,0.5
0.06009059745846155,0.1783397848128673,0.6185704326923077,1.068504,1.6326863999999999,6.327197008183622,27.351019180000023,0.0510950158,0.14988932239534405,0.5528231413461537,1.0408983711322457,1.8865375848121086,10.13266365,45.90729355999969,0.07110078948245303,0.21380178200000008,0.7123604678030302,1.07502605,1.4805518500000001,3.9553026349999945,11.799025839999985,DBLP,1,0.5,1.0
0.0579095534616924,0.15367313025936072,0.5493706515089257,1.0633246500000002,1.6378425541666666,6.32263010833333,24.25205316000008,0.05757933743842365,0.1337824014151197,0.44312133942307697,0.9275114849227639,1.8360691,9.677335391503268,36.76950829999998,0.05851099314285715,0.1774269470263158,0.6946249999999999,1.1145651,1.53980315,4.105565859999997,13.337634599999975,DBLP,1,0.5,1.5
0.04899820945,0.1452426572994403,0.5579382041666666,1.08878045,1.6494477989612186,6.902960062499999,30.52328921000002,0.03853104705149452,0.11812178575481144,0.4686470211062591,1.0738592047213622,2.2149616,11.95513265724638,49.038971619999614,0.06855913444699963,0.17879007757352944,0.6478901458333334,1.09118945,1.421937875,3.452345699999998,9.369020097999998,DBLP,1,0.8,0.5
0.05723192370462592,0.16075109274647886,0.5778783875,1.1105497142857144,1.494737375,6.52908705819467,26.06909989000011,0.04104020086587591,0.1229174394698934,0.503808195424141,1.0212889285714284,1.9535344250000002,10.677273266891902,47.75088495499955,0.08127658537362636,0.19779857777777782,0.6482782874999999,1.1189124000000001,1.27704425,3.898450543333328,11.234608209999973,DBLP,1,0.8,1.0
0.060691227165366145,0.15766430468347087,0.5961484375,1.1900401333333335,1.7436886092105264,6.889630234999999,24.364355604706034,0.047092536958333334,0.1292241325405108,0.4572394945631068,0.9926417246268656,1.9343111784156977,10.264876329629642,38.97717726999994,0.0845169296,0.21295400301098233,0.7643378249999999,1.2338976000000001,1.6364731,4.871917914999988,12.388939557999972,DBLP,1,0.8,1.5
0.0005771211468884135,0.02077604890582087,0.3458403625,1.1436495,1.5688685749999998,7.272430683333332,34.75505711000007,0.00021746526453509985,0.0026992468462722625,0.13112902291666667,0.5607001678571428,1.7413126642857142,12.148870791666688,57.121648369999974,0.08773566570408163,0.20311241291666665,0.6955934259615385,1.187241,1.5110563250000002,4.272317083333329,12.776078609999992,DBLP,1,1.0,0.5
0.0005294491717306121,0.017178716551546368,0.33908872087765957,1.0092575750000001,1.4838306500000003,6.932699489999997,27.37846973000002,0.00020714433597492446,0.0024827407854861963,0.11388584189497716,0.5098920711538462,1.4935123514705881,11.085804650000007,42.78581462499997,0.08477444893526012,0.20338407909720718,0.69754055,1.08259265,1.482844875,4.668222344999994,13.224348904999987,DBLP,1,1.0,1.0
0.0006527357772666179,0.01380255197733755,0.31095836964285717,1.0383196,1.3968376500000002,6.205455399999999,23.834155195000115,0.00022217503244243873,0.0032624362733576226,0.0998833849093318,0.4465782237061039,1.3007855357142857,9.049128675000002,37.707045779999966,0.07822971976466049,0.203939648125,0.675740375,1.12582995,1.439003575,4.27793546999999,12.456755919999999,DBLP,1,1.0,1.5
0.06560432605747128,0.20764662082021543,0.6819216063958593,1.1509795499999997,1.7439498249999998,6.543332399999995,19.11623677000011,0.08812102344660112,0.23027902963003463,0.626331525,1.0499916111304954,1.7012221664485165,7.44339641666667,28.716477159999894,0.04641452315612633,0.18997229557012316,0.8119600333333332,1.1796601,1.789909175,5.864734409999999,13.44958627,DBLP,2,0.0,0.5
0.06668825720253165,0.20882167166666665,0.7222743265873016,1.17511805,1.8074013205882353,6.996096338888887,20.883727370000017,0.07283294694236966,0.21297989710526316,0.6529542666666668,1.10048238550135,1.7385750327380953,7.464725497500009,30.174672079999834,0.058369756042672666,0.20462320119047622,0.8553592384453782,1.1970563,1.8671235000000002,6.4829916199999875,15.90832201,DBLP,2,0.0,1.0
0.05959584301287002,0.20793991645454546,0.666793975,1.0836721878378377,1.7082599789473685,8.161938474999992,25.74833608000014,0.06649005229590019,0.21928910108196725,0.6035356524771839,1.0180994037990196,1.6473690658536586,7.961988375000004,30.590562299999828,0.05041369862393163,0.19444190392857144,0.8220283249999999,1.1159517,1.759394309259259,8.325546658333332,23.963198126666644,DBLP,2,0.0,1.5
0.06801561661764707,0.21351608833333333,0.6606137671604527,1.0709816,1.6839382999999999,6.27880508333333,21.544806150000028,0.09227526800554324,0.21684551795163295,0.6136612754545454,1.0295512027167377,1.8274294796116504,8.4295096666667,32.31540181714266,0.052232715215909095,0.21043561365384617,0.7467028086538462,1.089186775,1.581633,4.631312739999994,10.82025532,DBLP,2,0.2,0.5
0.0698859184683058,0.19897921706349206,0.6487124174704471,1.1859312499999999,1.71401245,5.835884555033554,22.765417984444454,0.08863493583333333,0.20479466466666665,0.5772849107142857,1.0039671779814932,1.8451801469465647,7.889584925000003,36.80478819999921,0.06166352966239316,0.19168026022556395,0.748359705,1.2489082,1.6434154749999998,4.176874999999999,13.485073399999985,DBLP,2,0.2,1.0
0.06488585212400685,0.17693668661764705,0.65580165,1.2316634999999998,1.5863635,5.777743399444442,18.48306273000002,0.06908075790017387,0.17455013473441108,0.5916241822469982,1.0762509600849084,1.840845012805214,8.851524239473694,31.812733964999904,0.05863791223076923,0.18269505587837837,0.7046789250000001,1.2672545999999998,1.484866375,3.4392948799999994,9.731893779999995,DBLP,2,0.2,1.5
0.07651277681582408,0.20627020127450982,0.6997296273876404,1.10769918,1.7268626999999999,7.551382493333325,24.28444637777782,0.07445976494031574,0.1914837583333333,0.6380046625,1.1367229883116883,2.2310136,11.488192650000013,41.81737094999994,0.08220672956666668,0.22227737547020485,0.7706911677763819,1.0987462,1.4702368749999999,4.649184032499998,13.14601313,DBLP,2,0.5,0.5
0.08026153131756578,0.18660992283228323,0.6235115870288248,1.1285028499999998,1.6882649434782608,5.878644709999994,22.57005111666667,0.08212780310126583,0.17799781110642987,0.5532434586956523,1.0064372547711882,1.9124881903374233,8.902083233333341,36.84528926999992,0.07910097400925926,0.19901238928571433,0.72941698125,1.1485300500000002,1.5310834750000002,3.7916317074999983,9.661767804999988,DBLP,2,0.5,1.0
0.051100155859242255,0.15006207520833334,0.5281087483507991,1.161655225,1.5407798500000003,5.471180559999997,17.307746400000077,0.04543000500788709,0.12371562332311828,0.4351971727594339,0.9172086523748437,1.6737505375000001,7.780927833333337,28.57248420999996,0.06500377388011486,0.18875672714285716,0.6699386284090909,1.21173665,1.4905300750000001,3.5694333349999976,10.42541337,DBLP,2,0.5,1.5
0.051221101038048784,0.14947319690998728,0.5659339429577465,1.1185502500000002,1.4461532411764706,6.782348833333329,25.93759134000006,0.04538193822857143,0.12591293085555558,0.49068384615384614,1.0288914777777778,2.0311882167900275,11.433323109090917,42.234074749999465,0.05682405466847458,0.18021111142857144,0.6066470504032259,1.12953255,1.317686617857143,3.52032075999999,10.740387374999985,DBLP,2,0.8,0.5
0.05979280888337469,0.161392063,0.5670209875,1.0545931,1.4962687000000001,7.288248624999998,33.32473216000004,0.04805012893178455,0.13863522959680283,0.5137884867021276,1.04035265,2.1038673873922416,13.236082231818195,53.25228622999991,0.07216637576887791,0.18468841511904763,0.616639325,1.05827545,1.2558745999999998,3.789351221666666,12.444988992499978,DBLP,2,0.8,1.0
0.04332923982247734,0.1261026644736842,0.4956270016666667,1.04314745,1.46837285,6.486894089999988,24.852662184000046,0.03458459652617155,0.1069691334914611,0.42260000973824313,0.9894452909618783,1.8502679955197134,11.225217479166668,37.46981607999991,0.05352241851655914,0.15168230105000002,0.5747670603723404,1.0583681499999997,1.3343387,3.201683209999995,9.037276929999997,DBLP,2,0.8,1.5
0.000374258620077975,0.013058758382782087,0.3186000734913793,1.02206655,1.4093505,6.473766649999997,24.644435610000002,0.0001198560925252127,0.0022200028281132243,0.0940367406521739,0.5001992670454545,1.443502421875,9.689598333333334,38.52444837999983,0.0822601687228261,0.19168436937500002,0.6625813565046271,1.0931877,1.3987185750000002,4.457862239999998,12.646261559999994,DBLP,2,1.0,0.5
0.0012811669682863327,0.024595150590846795,0.35302149140625,1.02737075,1.4503381250000003,6.740388891666665,29.04984021000004,0.00038345656514138303,0.005503774406540541,0.13473452708333333,0.569100575,1.5512439718750002,11.1638116,42.67184149999995,0.07708201400054171,0.19029477510204082,0.6706107793118468,1.09237565,1.418868325,4.199505672727267,14.471183861666653,DBLP,2,1.0,1.0
0.00020448047427625612,0.022356545942028988,0.3719187299886266,1.0503824499999999,1.483797417857143,7.19517962333333,28.147617505000017,6.538731617875493e-05,0.0019356370858786404,0.14823291044988612,0.5783212642857143,1.5697199,11.414817950000018,50.15943642999983,0.07965606181505376,0.20963523732142858,0.6649128895833334,1.1202103499999998,1.445772603125,4.629587833333332,11.991511652499986,DBLP,2,1.0,1.5
0.06920615032497039,0.2069513071875,0.7205697523673376,1.2089696785714286,1.944982475,7.138079846666665,21.52046172666674,0.08716780824666666,0.21622757853984145,0.6577553432432433,1.1302066243801654,2.0356357077464784,9.655975797222228,37.13963208,0.04915054644444445,0.19904218344129557,0.8357840125,1.25145005,1.863890925,5.817516924999982,12.484877729999988,DBLP,3,0.0,0.5
0.06379124729843305,0.18120790392307695,0.6272428125,1.02706345,1.7626101717687073,6.813980075,23.078322300000035,0.07553036849285713,0.1814224020769231,0.5696165203097605,1.012619165619663,1.8607222643716579,8.334118004807696,30.951299999999925,0.04844871505357143,0.18103271105769234,0.6933067607142857,1.0359470000000002,1.68247605,5.539797389999994,14.467553838333322,DBLP,3,0.0,1.0
0.05857785703436658,0.19596439798701298,0.6496360821428572,1.1030540500000001,1.680427280960265,7.0669927599999935,20.819721155000003,0.07356095678409091,0.20035111962962962,0.5751685537652645,0.9795120824587706,1.5599227446428572,7.953664850000002,30.93703263333317,0.04544406224211711,0.19024314999999997,0.8311546534090908,1.1465975999999998,1.8094205499999998,6.511399799999984,16.550595289999983,DBLP,3,0.0,1.5
0.06212648840272263,0.16526236821022727,0.589075641187835,1.0936168,1.532301767105263,4.772518872222218,19.83177779485459,0.0627463357704704,0.15593125667372884,0.5301096251778095,0.9935267749999999,1.7197827986998981,7.070964364957272,35.553794149999966,0.05943090901049809,0.17243340169398907,0.6480733583333333,1.1317115,1.434633225,3.455922314999994,9.148718429999992,DBLP,3,0.2,0.5
0.07301748205352111,0.19397479353287841,0.6290031428571429,1.12399425,1.6291778985322896,6.183825803571426,19.183397710000076,0.08092499290875116,0.17903944146819836,0.5427880218368081,0.9957022426003153,1.7337648042328042,8.527143025000003,27.558449614999834,0.06612814251036866,0.2118080441666667,0.7541231625,1.1575467499999998,1.56121235,4.870059127272719,14.120467779999993,DBLP,3,0.2,1.0
0.07083194414835163,0.19297577928571427,0.677544188143257,1.3352046999999998,1.959849825,5.788932711162789,22.510622550000118,0.0862525834735055,0.1835043646322273,0.5656940009169908,1.0776610009064551,2.096052475,8.943493233333351,36.7845019399998,0.06107188482692308,0.20513321602816903,0.791043215,1.3788199499999998,1.8861892,4.229835267857141,8.97239332499999,DBLP,3,0.2,1.5
0.06639622244000001,0.16480019314814814,0.5806332265736335,1.0979837514376998,1.581247925,5.873543269999997,20.131480050000018,0.06354579277777778,0.15200109796794872,0.5095770955149501,0.9672890558823528,1.8307843928571428,8.83274835000001,32.71884837999969,0.07202220609139784,0.18138421933333335,0.6655636291666667,1.13801765,1.4785948500000001,3.7259574474637667,11.042934289999987,DBLP,3,0.5,0.5
0.07093895666666668,0.1747503371031746,0.6125101275,1.1699167,1.724840075,6.456240974999998,24.268106359090943,0.0724555149364706,0.15904310190458582,0.5380886160714285,1.0249611044167495,2.1663029125,10.359250616666667,41.77984769999991,0.07064049657509158,0.1940375957619048,0.7087709291666666,1.2026672,1.5387945,4.156784999999996,11.283138943333304,DBLP,3,0.5,1.0
0.07059311970361445,0.1910327914548803,0.6634586588397409,1.1554975,1.862252609375,7.258416174999998,25.92181566857147,0.07176495466727187,0.18871196924882627,0.6204780742647059,1.1642898022821577,2.4443569734848487,11.32367285000001,37.71156769999995,0.06965968780053192,0.19497075583333334,0.7125618,1.1542101047619049,1.572886825,4.341205598235293,12.696211179999981,DBLP,3,0.5,1.5
0.05772675761111112,0.15932809775,0.6327154583333333,1.15056325,1.78707665,7.6783003395161185,27.66030587000004,0.04135902023480027,0.12451727541666666,0.49495977619047615,1.0535876333333332,2.203432536764706,11.794303900000003,41.96161275999979,0.07602997607004831,0.22033914314363143,0.78847974,1.19119535,1.6029540017857142,4.868702309999998,15.229990908888851,DBLP,3,0.8,0.5
0.0508083577923077,0.13752136825396824,0.5381778421052632,1.1139139,1.598524777316294,6.580173114285712,31.237821098926194,0.03710499676054556,0.10268294897207411,0.42350979999999994,0.9440305674464908,1.8926003235294118,12.073023283333345,55.32539949999959,0.06934089476903225,0.19497662333333332,0.6396000019859813,1.1446341000000002,1.4638740000000001,3.572824899999998,10.373058829999998,DBLP,3,0.8,1.0
0.05463393086285714,0.14049964323671496,0.4972006159418023,0.9187457800000001,1.4498450999999999,6.517838783333333,27.448490120000294,0.04168492842937369,0.12065860245121952,0.41527440325068604,0.8475064221597453,1.7434576437138132,11.146338225000008,45.13411454696967,0.07680821049876219,0.167896348125,0.6010106405867971,0.936228545,1.2963189125,3.7176678599999984,10.37293154,DBLP,3,0.8,1.5
0.00035324336422072155,0.010063554917706524,0.2916140817216981,1.0625613,1.414202925,6.037336233333334,26.594960795000144,0.00012184497975646187,0.0013152318919527936,0.0953968670752047,0.5042341590909091,1.59631515625,10.4500207625,42.50866294999979,0.06163296122049689,0.16648272669354844,0.5803455696428571,1.10683525,1.351287225,3.687435674999999,10.074597031176468,DBLP,3,1.0,0.5
0.00035797070525076934,0.008170073416322709,0.29269383779761904,0.96393874,1.349584675,5.953747992857142,22.710206360000036,0.00020977557641265094,0.0014193135398424405,0.07568374441095813,0.413677244047619,1.2152914252427185,8.499647600000007,32.329342499999925,0.08792717162087912,0.19970312125,0.6861359375,1.05248805,1.4109876749999999,4.5000481333333315,12.094646459999987,DBLP,3,1.0,1.0
0.00013207789874259118,0.006882449483585439,0.29984694375,1.0248297,1.48895025,6.544719721538448,26.392975600000092,4.025872580786137e-05,0.0007868886741663877,0.07477675590092772,0.44260169583333336,1.3936282833333333,10.589712250000016,41.31699694999979,0.08210302226785715,0.1931962636813187,0.70502905625,1.12208965,1.5304577250000002,4.505453139999994,13.865098899999989,DBLP,3,1.0,1.5
0.045302659305555555,0.15520028108253586,0.612274756099615,1.1523103653846154,1.5996073938016528,5.087847099999998,18.79393175000008,0.06228251828148148,0.16631001906788667,0.5327886067563818,1.03092985,1.7585857875,7.0916969458333385,32.206019479999846,0.039988830537157766,0.1437269965,0.6787832374999999,1.20206,1.5171998,3.927508316666666,10.336718389999996,DBLP,4,0.0,0.5
0.056336015298229264,0.17817710734848485,0.6296501051605505,1.0760976,1.6875393147727273,6.29082995,19.352581750000052,0.06864048521126762,0.17770443982206469,0.5714915830989111,0.9795609412335449,1.633363275,6.6380126916666695,28.126541559999303,0.05038016379310346,0.18073480750000004,0.7776966620370369,1.1319303500000002,1.728986075,6.045722224999997,16.07389392999999,DBLP,4,0.0,1.0
0.05494530456818183,0.17336325285714285,0.6303037410091744,1.09548865,1.6589383159574467,6.366312224999996,22.01399995529419,0.06545936898819946,0.17581509026785716,0.5773490027031623,1.002035924388019,1.644481017406593,7.231611,29.005633659999763,0.0479744198200313,0.17038206126614988,0.7278815,1.1360563,1.6768928833333334,5.856017107499998,17.35997664999999,DBLP,4,0.0,1.5
0.07794548114245015,0.20053720279761905,0.6796553411290323,1.20860905,1.7430018970588232,7.025655088333332,23.68728354000001,0.08550697799069767,0.1793837148727273,0.5833684196340946,1.0,1.77767505,8.645797212500003,28.868672699999557,0.06983725883333333,0.22439113437500002,0.8566800380681817,1.24651155,1.721087719047619,5.883483368636361,18.89795064333332,DBLP,4,0.2,0.5
0.06965040427005346,0.18207955456931912,0.6316571,1.1020940000000001,1.709715875862069,6.145289694999997,20.177919760000115,0.07439887341778678,0.17188684343815516,0.5466082884221312,1.0039708502274571,1.8412637596153845,8.3762141,32.61360576999986,0.06586794846428572,0.19143347416666667,0.7588786595238095,1.1366623000000002,1.647637975,4.455915344999998,11.240098504999997,DBLP,4,0.2,1.0
0.06771327099409681,0.19783510284013608,0.6635235461538461,1.1936193,1.6753309322033898,6.462153146511625,23.107824870000012,0.08312864644082332,0.19910553483333332,0.6100251680786487,1.0820737712768789,1.9227564547470006,8.193478490476194,36.53504829999993,0.06245621090956072,0.19514272500000002,0.7655058081236323,1.2052892499999999,1.52447125,4.838009539999997,13.119260489999988,DBLP,4,0.2,1.5
0.06292130025384615,0.16151622385106382,0.5486167945899211,1.0644179,1.5962861625000002,5.476884106666651,23.799724260000232,0.06253729111222092,0.14572803330917874,0.47245759535651405,0.9691656470498615,1.9202161750000002,8.911869300000006,36.08842570499979,0.06432579580555557,0.17517769775252526,0.6232908125,1.1094661000000001,1.456306867857143,3.129177374999997,7.406019597999996,DBLP,4,0.5,0.5
0.05094287406153847,0.14630616097222224,0.5346576511568202,1.0,1.570405925,4.957376949999999,19.0931974888889,0.050437574080164436,0.13178601964701966,0.45717169794807877,0.937881985,1.74867619375,7.711619441666673,30.37618590999992,0.05188787427635328,0.16346289411111112,0.631150675,1.0244487,1.4890980750000002,3.114105566666664,8.170480689999998,DBLP,4,0.5,1.0
0.057385054469635634,0.1647518001059322,0.6252568703991132,1.0571226,1.6762826102941175,6.405432099999996,30.041509830000223,0.06064141545827984,0.16177568656926414,0.5878423264742967,1.1134684755662563,2.1953924737844943,11.276257460714291,45.16918250805335,0.05553108496031746,0.1684466997914736,0.6601359375,1.0377909,1.4415545500000002,3.447665064999995,9.960255679999962,DBLP,4,0.5,1.5
0.05848840659388275,0.166183916875,0.6216210798907993,1.1255678769576494,1.7356824625,8.168028749999998,28.984165030000003,0.0418061140952381,0.13609678987173596,0.5130923105579608,1.0920340966339412,2.3048869952283573,12.92864740000001,43.83418753999971,0.08222810261428573,0.21090766282051282,0.7377619249999999,1.13481655,1.4657383499999999,4.885716449999997,12.129446299999996,DBLP,4,0.8,0.5
0.04942278905015198,0.14573678750000002,0.5808467875000001,1.09950225,1.640577175,7.023423749999997,30.568744214285754,0.035802167964106756,0.117761868935981,0.48832378252840913,1.0485103109044827,2.143024594512195,11.961961573958336,56.519167329999355,0.07371181904645355,0.1858117917357911,0.6769755125,1.1091694333333333,1.4332810125000002,3.990729084999992,11.285212049999991,DBLP,4,0.8,1.0
0.062430115815217395,0.166469139419484,0.6007113065891474,1.0934233,1.688585725,7.690040133333334,27.3500948,0.049546028930471386,0.13115048221861472,0.4870371049591724,1.0254606214285715,2.197425233640553,12.135626013333336,41.38168519999984,0.09435433564504504,0.22229592416666666,0.7289267374999999,1.1088119500000002,1.48386535,4.715931464999999,12.897507322857116,DBLP,4,0.8,1.5
0.0005082821036565808,0.019645073668859682,0.3691763979116076,1.07200425,1.6226232999999999,7.995028349999998,29.292961090000237,0.00024204707741988838,0.002659849816848583,0.12334514130813953,0.5591792861842106,1.7409319535714285,11.561612525000031,41.30127514999975,0.10316356393589744,0.21990843916666666,0.7656188857142858,1.1196962,1.5603596909090909,5.623279129166663,14.646817489999984,DBLP,4,1.0,0.5
2.062197527189508e-05,0.005442590581633595,0.2679267809259259,1.020798125,1.3120189249999998,5.630100634999999,22.173665520000064,0.0,0.0004935927357148685,0.06799011605909969,0.3792386523809524,1.23847645,8.282328783333368,40.42940349499981,0.07611427570652174,0.18486236419642857,0.6360426375,1.1149114999999998,1.3403082,3.9722847599999973,10.830317533333318,DBLP,4,1.0,1.0
0.0004410793031880063,0.009274344368919886,0.3147755675,1.0474546333333332,1.4503071553797469,6.619954819999997,32.09002861000003,0.0002353456228563441,0.00169759235288508,0.08587866697351954,0.48554017486338796,1.4568314249999998,10.106838683333338,51.35844411333317,0.08898343407971014,0.200705518125,0.6668611184538653,1.13279095,1.4497237101265823,4.384877172916665,12.405131171999999,DBLP,4,1.0,1.5
0.07515130232922536,0.22369598617955203,0.7133208006944445,1.140404609706247,1.868625430172414,6.743912864285712,19.454046940000005,0.08362336435823756,0.22493000664369908,0.6366666743067212,1.048080041048133,1.788682825,8.048955380000002,30.27799619159663,0.06537840583333333,0.22043261148936175,0.8214053323529412,1.19039215,1.918956475,5.8790786249999964,14.305672609999998,DBLP,5,0.0,0.5
0.06865936706927711,0.21408164671428573,0.710172296835443,1.22467615,1.8613726120689655,6.8465711863636365,21.99184232000008,0.08175332303935184,0.22495288552380957,0.6380201304304841,1.0702779909820048,1.807885511111111,8.003585705370108,35.121999299999715,0.05552023187899742,0.20124605718875505,0.881952515625,1.26260925,1.9052120000000001,6.062618429999996,15.503384183333326,DBLP,5,0.0,1.0
0.06672241002677702,0.21571220083333334,0.7201451,1.1914846999999997,2.0265602874999997,7.631454909999992,21.195427335000026,0.07601099893636364,0.2034072276136364,0.6168256567934782,1.0349277134862898,1.808487575,7.44739166,29.74328917294065,0.0600955576979405,0.23131998205484902,0.957316785,1.27652375,2.2273253499999996,7.682148149999999,17.412938505,DBLP,5,0.0,1.5
0.07436240063936284,0.21104040601780186,0.6567464125,1.10803795,1.6898970369565218,6.15356630499999,20.895618050000007,0.07444725365149858,0.20535456009062777,0.5863083205405406,1.0095865664451826,1.7785502,7.313528075000004,28.335227918235066,0.07534937855651164,0.22321131721380472,0.7892386249999999,1.1380585500000002,1.6256614923076922,5.226744377499997,15.14667805999999,DBLP,5,0.2,0.5
0.06891688204676448,0.21339268583333335,0.6765707287234043,1.0504848,1.618802375,6.91978605888888,25.893256660000112,0.07473784034502924,0.21160995733590734,0.6244222667043994,1.0229257167700343,1.8436347678571428,8.6232868,34.753866479999864,0.06565971457142858,0.21765450591666669,0.812247970625,1.0594655,1.4436264068181819,5.6226255499999995,15.996809204999998,DBLP,5,0.2,1.0
0.0556763671554694,0.16419023120763013,0.5708562075221238,0.9521153048082271,1.4582397413187858,5.716647966666662,22.519830940909262,0.06179038174074074,0.16711597616666665,0.5428020307793345,0.99460363575187,1.7319557463560644,7.943399220000006,32.99235480999974,0.047251852850000005,0.16084221909553298,0.6056801598837209,0.9404027323529411,1.2702865625,3.9909245646153813,13.830633059999998,DBLP,5,0.2,1.5
0.06613454414285715,0.162103696875,0.544272647875817,0.992036105,1.3217007659090907,5.204835143333332,17.618108025000026,0.05815972404650103,0.14353385615384617,0.4888482131877022,0.9430202596385542,1.5687281037549408,8.159201800000002,25.408437829999986,0.07514284763043479,0.18141885269076305,0.618607275,1.0044700500000001,1.1979718678571427,3.645333795,10.921936030952367,DBLP,5,0.5,0.5
0.05727519482644628,0.15147337581395348,0.5657151057692307,1.1382828,1.6654486,5.471696656666664,20.647560943888987,0.05850479602564103,0.13569230867617013,0.47351840253840305,1.0024871135468891,1.9163516056451615,8.514955106060608,32.456162089999836,0.05646412245238096,0.1723147121935096,0.6733556875,1.1740107499999999,1.5551936833333333,3.386549244999997,9.034227879999984,DBLP,5,0.5,1.0
0.05263477388942308,0.13772256975757577,0.5114769044078588,1.1571626125,1.75123224375,4.737777219999999,17.497724600000033,0.04861040167330623,0.1224791906153412,0.3977374779411764,0.8501927965517242,1.7697783166666667,7.207931185416668,30.886255759999813,0.0630941521882591,0.1732969754166667,0.7043305625,1.2654513071428573,1.739735025,3.3621993949999993,7.095552053999999,DBLP,5,0.5,1.5
0.05986855823921201,0.15988788673873872,0.550160334628002,1.02948255,1.5782368749999998,6.869912303720924,26.834689805000014,0.050733210728748916,0.12453233582414697,0.46397651106138105,0.9923386546296298,1.9987452833333332,11.922650119047635,45.12212314117643,0.07211961305714286,0.20372296965053763,0.67007375,1.0507339500000001,1.4027908,4.009250799999996,10.168725694999997,DBLP,5,0.8,0.5
0.05091324554159078,0.15342254319444443,0.5852233095238095,1.0832875999999998,1.7155825249999999,7.173466399999987,29.711394170000005,0.03681977006520667,0.1123063521322122,0.4693066422755874,1.0312692776824035,2.333485712903226,12.129563475000019,44.729213119999905,0.07958679656731006,0.20572119189542484,0.713607515,1.0940688500000002,1.4608580875,3.8483231057142837,10.049652629999997,DBLP,5,0.8,1.0
0.05406949187989962,0.1497557404609475,0.6103726737389135,1.2058463000000001,1.6783541882352941,6.5287459949999995,26.646618040000046,0.03835093590502078,0.11195556358103977,0.4776414453616352,1.0510673943041586,2.0433005,9.666656230337116,41.576776366666564,0.08793369115509518,0.22251801924151698,0.7344546461538461,1.2323518500000001,1.5377430749999998,4.3912075999999916,12.500759854999986,DBLP,5,0.8,1.5
0.0005303257766219503,0.01808320154543719,0.3288922836134454,1.0271776166666666,1.498835605,6.892957149999998,27.555488580000105,0.00019091666618554993,0.0022990606033159765,0.1130114691115786,0.5335259035714286,1.6244901,10.079327170000004,47.63559142999884,0.0681876274692683,0.186018840170778,0.6783799116161616,1.0894073,1.4449494999999999,4.343751419999995,12.642952469999988,DBLP,5,1.0,0.5
0.0003790059593766139,0.014103971657922175,0.3118583242997199,1.028840897826087,1.4327485916666667,6.137206749999998,23.52307917333334,0.00020259541114762608,0.001573714094379644,0.09939766629429633,0.4630206501186709,1.4163896,9.727505725000002,42.30023181999928,0.07745767624305555,0.19801523895833337,0.6751891624999999,1.1185986999999997,1.442808,4.223201849999997,11.382590359999991,DBLP,5,1.0,1.0
9.886661298537142e-05,0.008515113328741965,0.29998626809210527,0.9824693250000001,1.41506975,6.747702094999991,31.76838170000003,3.854586687802412e-05,0.000684439356904598,0.09924353728888452,0.5232758717176065,1.647679025,12.481999133333353,55.59713787499951,0.0667592240227596,0.16477543178571427,0.59134256875,1.0239688,1.332864225,3.897094224999996,11.42623702999999,DBLP,5,1.0,1.5
0.06556863747361703,0.20617152470319633,0.6853727291666667,1.088069403546911,1.84383345,7.689813899999993,22.046982200000134,0.08058073173333334,0.2183521688852814,0.6101977295084394,1.0,1.6801887760610574,7.9974339666666685,28.578720476666607,0.05092044444836957,0.19650314222222223,0.8722536000000001,1.1468171333333335,1.9960221785714287,7.4720972979411755,16.581221069999994,DBLP,10,0.0,1.0
0.06618129713271606,0.19635568625000002,0.6274117536008768,1.08810755,1.5917564115384615,5.685115714090909,19.424462110000007,0.07791608879640402,0.19985898610714287,0.5684045452797203,0.9984808750633511,1.7367102538461539,8.509274200000005,27.323260759999936,0.05687753749673202,0.19331761200483094,0.7352579458333333,1.1127145499999997,1.521585,4.031102694999998,9.831535719999994,DBLP,10,0.2,1.0
0.06827873216666666,0.18483212471544716,0.640054075,1.0720873000000002,1.659996190254652,6.4640928629629615,23.62932798500003,0.06728302415363882,0.17782548975000004,0.5826583217329546,1.0502694564516128,2.07743194741533,9.988205322727282,36.57317505999986,0.0689420971529175,0.19647072517857142,0.7145762556886227,1.0782793000000002,1.443423675,4.319172264705882,12.540130419999997,DBLP,10,0.5,1.0
0.06628290871703298,0.16852746142857145,0.6319959749999999,1.2068814625000002,2.1439167500000003,8.964517799999996,36.010360020000206,0.06269857534386526,0.1545063358193443,0.5297191761673128,1.1520129508572445,2.8013837916666664,14.604333033333338,55.20767492499939,0.07515013146488295,0.19930954466666667,0.763299175,1.2251803999999997,1.8079258500000002,5.038461729999996,14.675923993333324,DBLP,10,0.8,1.0
0.00040660365508839484,0.012121802812903227,0.3009065158002736,1.0160132499999999,1.3481655624999997,6.533281004999993,28.89850605500004,0.0001338185645179505,0.0015749430909241416,0.0957497661667514,0.4423128833333333,1.359184675,10.58271505000002,53.10768643999988,0.06472236786842105,0.1822844730555556,0.6275052887254902,1.0909133,1.345514525,4.1368012,12.18924965999998,DBLP,10,1.0,1.0
0.055913918525705895,0.18666159775641025,0.6725066939927511,1.19380695,1.6888874313186812,5.858565949999999,18.553525143529455,0.07699352461594125,0.21283234865517692,0.6403355892593471,1.1043376890243903,1.8117744623493977,8.020319400000002,27.718457379999855,0.04121993278641572,0.1674935175,0.7279607874999999,1.2211322999999998,1.60569905625,4.470288766666661,12.593377299999997,DBLP,15,0.0,1.0
0.06986727609562841,0.18963072184946234,0.6634696870786516,1.223220575,1.83143025,5.876305044999998,19.779315290000056,0.07559573634297521,0.1860204570780007,0.5754248296515938,1.0439582520982098,1.9136419722222222,8.310105400000003,33.738708239999895,0.06444686975187969,0.19162586783333335,0.7709341425,1.2764704,1.780873575,4.413970889999999,11.187904286666656,DBLP,15,0.2,1.0
0.056259076946885256,0.1448264880024213,0.5327876375,0.98765615,1.4600352,5.302173833333331,26.26517501000003,0.052688935727272734,0.12722101352083334,0.48464125033967387,0.9595846000000001,1.697718975,9.824501385714285,43.546735649999796,0.06229187803846154,0.15833875728571428,0.5929833849999999,0.9944039349999999,1.3413184,3.195282564999999,9.373147204999993,DBLP,15,0.5,1.0
0.06066761396153846,0.15385573733526198,0.5676310341554379,1.112880829310345,1.9186904125000002,6.9098789875,25.622346960000016,0.04744928374452555,0.11614883154901962,0.4366110052342971,0.9879708281226867,2.163384599229075,11.770568600000006,40.1508012199994,0.08309564442857142,0.19977298650000003,0.7475744125000001,1.1731861166666666,1.791723625,4.421208549999996,10.858221599999995,DBLP,15,0.8,1.0
0.0009392191992964949,0.021893766859950804,0.35454425655085886,1.06587845,1.452217325,6.378434949999999,29.155405185000298,0.0002955989615378368,0.0035130748400236007,0.13513520022414172,0.556701296517618,1.5052910178571428,11.562339950000045,49.86547482999928,0.081223154125,0.2036326713392857,0.6742214209042985,1.1160622,1.4325668249999999,4.369210394999991,11.174632359999999,DBLP,15,1.0,1.0
0.4483251490833333,0.7020777613013699,0.9822491935918962,1.0419938072304757,1.309588225,10.96296358333333,68.9451548500001,0.44477140038461543,0.661703535,0.9628160370494381,1.0017035798315805,1.0643089347233046,1.3428228190476181,2.0948828440000002,0.4619359635909091,0.8017374192307692,1.0218412000000001,1.2511510173913043,2.4196405,34.12943632499999,101.98898553999992,GENE,1,0.0,0.5
0.4104949946666667,0.66223860625,0.9616348500577652,1.0104978334563972,1.1986817054054053,2.5153293674999997,5.004028015000002,0.4637419105054945,0.7014466276328801,0.9409099378399208,0.9956420292921018,1.0439813503685746,1.4250243920218686,2.285732727500001,0.33022545524691366,0.6133672350000001,0.98442325,1.1072482,1.5150898124797405,3.5658729874999997,6.3208373598064425,GENE,1,0.0,1.0
0.0,0.0,0.9202558249999999,0.9912461923346085,1.126267357142857,2.2826645269565216,4.602577067750022,0.4721274888850575,0.6940617538043479,0.9517048071718316,0.9912461923346085,1.0468575428017073,1.3920523201784476,2.1922869175,0.0,0.0,0.8959030425,0.9910881137822671,1.3965704731007362,3.127422456979694,6.309650217999997,GENE,1,0.0,1.5
0.39125248262499995,0.5946365962138621,0.95132229375,1.0100100928740432,1.0940239250000001,1.56456581625,2.6215027563333386,0.4763674281428572,0.7009536799673204,0.9664123621917751,1.0050374779964282,1.07413358481142,1.4372116599999998,2.3389309340000026,0.3318966880701754,0.5243523372727273,0.9052597188069217,1.0206770500000002,1.1186492000000001,1.6843366149999996,2.775014087499999,GENE,1,0.2,0.5
0.37750198853703704,0.5898485406818182,0.941226496283547,1.013740123135409,1.0857521932225063,1.6058007336956508,2.5998970155000105,0.46463133166666665,0.6691722562745098,0.9523788245697897,1.000750412188146,1.0593196251303345,1.4106317609967494,2.184652182,0.3114611783906542,0.5240209825000001,0.9141714902597403,1.0390776499999999,1.114884,1.7927812622727268,2.9629765129999956,GENE,1,0.2,1.0
0.3655063085,0.6062769264583333,0.9654435493154474,1.013720317857143,1.1037255000000001,1.573415194999999,2.5778510406666757,0.4229716310964912,0.6861417500000001,0.9614921709039548,1.0021474588403723,1.0684448376567577,1.3820837218085107,2.0857132554736846,0.32624437870869033,0.5509851516666667,0.9791336503878703,1.0281643602132435,1.1642657815789472,1.7856483404761905,3.1185207591666657,GENE,1,0.2,1.5
0.39474248156363634,0.6177284525,0.9359793926515856,0.9954020827216261,1.0732791035714286,1.5787685405555554,2.6237107883333404,0.5067911665,0.7060129741304347,0.9339208889093589,0.9804644351610488,1.0476015413948505,1.4238676149999998,2.252330515000002,0.3533688011666667,0.5416946975,0.9497457075163398,1.0077913,1.1074682027777776,1.727687544999998,2.816060983999999,GENE,1,0.5,0.5
0.3803125335512821,0.610507,0.9812219160093092,1.0163064012802745,1.1228603293549422,1.6379856749999995,2.723276924166682,0.4406943487142857,0.6858693762668919,0.9780465444409394,1.0119026174343722,1.0985718393295354,1.460338087389558,2.3817812230000017,0.3408782461851852,0.5442543216666668,0.9833144125,1.0209761,1.1721475460526316,1.7855118874999998,3.1162082749999964,GENE,1,0.5,1.0
0.3761207410436508,0.6022625933333333,0.9627872974806202,1.003708,1.0873546563172656,1.557276690444915,2.583266511000009,0.4910122029545455,0.6858827825,0.9658058876870765,1.0036373595040065,1.079702456741198,1.3924744916129024,2.130749799000004,0.33030988403333333,0.5291313121212121,0.9497113125000001,1.0037378499999998,1.1048271250000001,1.7823577499999987,2.8755492829999993,GENE,1,0.5,1.5
0.39492866466666665,0.5939612207499999,0.8970016166666668,0.979243741229614,1.0581608408296943,1.6032722099999999,2.6036090110000027,0.43938004399050756,0.6469225569444444,0.8963513071220555,0.9875645085245972,1.0360669613121427,1.450155072101449,2.327929974705883,0.3480623601911765,0.54272363375,0.8982263325,0.9707444892982455,1.0957846500000001,1.7478529749999994,2.8491085725,GENE,1,0.8,0.5
0.35437832353546334,0.56073658875,0.8979785490376075,0.9863417073027356,1.0694991948072805,1.6034005499999995,2.5544262000000053,0.39808284889726026,0.6237951102901024,0.8935423539480772,0.9853071890411326,1.043249125,1.4915138394444412,2.498057147627119,0.3076799782980769,0.5106307775000001,0.9094544046677214,0.98750165,1.1025160999999999,1.7107306316666664,2.7320659969999923,GENE,1,0.8,1.0
0.35396321999999997,0.5714143675,0.9300984053792447,0.9974508912337662,1.076811070316884,1.6375694083333325,2.8236635560000045,0.42361598366987174,0.6371740786744187,0.9320314153496216,1.0001298869983115,1.0674988147488111,1.4677979164487445,2.4211941320000023,0.32872908033364484,0.5188202659693877,0.9212220140449439,0.987757175,1.09643475,1.7706478591666666,3.130910467999999,GENE,1,0.8,1.5
0.34117899601246104,0.4867138059710755,0.6949566472819478,0.9911312000000001,1.1542060170940172,2.0652051749999996,3.3257459416666735,0.32460895874092527,0.46042622843645004,0.6161302641061153,0.7838052013608979,1.1512427614237317,2.182459042452827,3.644264803796304,0.3719899867943262,0.564977223409091,0.9544885750000001,1.0228762,1.155178236377025,1.8394315149999994,3.210066896999998,GENE,1,1.0,0.5
0.2359597937602832,0.49129442566991,0.6832819255860316,1.00420355,1.189575675,2.07600924442959,3.508770872666671,0.19844515099592888,0.4432550940290214,0.6058031387788452,0.7702683465046191,1.1763607015647033,2.1589148093239667,3.6529282720735785,0.37386212466666674,0.5708476925,0.9869836900641026,1.03362675,1.1963956517857144,1.9600205999999993,3.2292093799999924,GENE,1,1.0,1.0
0.32013518902123966,0.5036707853465047,0.7022785964498519,0.9759607349999999,1.1657839735576925,2.102704375601396,3.4489645658333363,0.30240596520496893,0.47604778348794763,0.6385520612912253,0.8122324209665857,1.1857389249999999,2.233914156865826,3.4661693797678295,0.34369103409523805,0.564851945,0.925360324530831,1.0014205999999999,1.1556084582061068,1.899165836249999,3.317457621999997,GENE,1,1.0,1.5
0.4149051843355481,0.6674924862499999,0.9787805649087298,1.0278676999999998,1.1694308582172008,2.360005729999998,4.300012953571459,0.47754639699999996,0.6695656682894737,0.9409122278296197,1.0007798284377436,1.0513176116277574,1.351933411197339,2.165221832,0.32161355848753903,0.66303304875,1.0170731750000002,1.094616175,1.517969675,3.1434264499999975,5.775999432499985,GENE,2,0.0,0.5
0.2941374652,0.5569889282169641,0.94827024891106,1.0004547521600728,1.1637368056451614,3.2568954022222196,11.326203910000071,0.41187911604166666,0.6429073030970149,0.9227982060014573,0.9886739337695736,1.0219209080760523,1.3134015889473678,2.0254647275,0.2420614927,0.38859849416666664,0.9775185700404858,1.0881546,1.7180377234732824,5.390157949999988,20.687885139999956,GENE,2,0.0,1.0
0.48312491075,0.721953206555773,0.9899722778052138,1.0682535618738405,1.7035759590163935,180.87429099999997,1388.4201120000034,0.44911585711461316,0.6639496383129584,0.9474398990401245,1.0007147962830594,1.0526912833276665,1.352319675,2.163758293,0.4965940925294118,0.8538718072081016,1.1401206666944212,1.751596246803069,15.150574666666666,540.3994604999997,2478.5134399999993,GENE,2,0.0,1.5
0.380940865,0.5934582,0.9247868891078974,1.004666898891157,1.062531964305771,1.494353559103079,2.511410791000007,0.45322597053333336,0.66697469825,0.938585640625,1.0025388972072131,1.0555072869235365,1.3353138147346935,2.203411249500001,0.3327853603589743,0.5255129437878788,0.8995910469639469,1.0063886282122905,1.08219866302521,1.7142425174999996,2.717292775999999,GENE,2,0.2,0.5
0.39992016033333333,0.610551795,0.9502618956724915,1.0017858265832682,1.1045833194444445,1.5594607999999999,2.57786054533334,0.4659905313013699,0.6815580892361112,0.9512333923859762,0.9866033447476876,1.0641346804859173,1.3778313200877192,2.1313285080434827,0.3525401042741936,0.5437433825,0.9440181563507292,1.0261417000000002,1.1677204416666664,1.7697023979411757,2.8880130824999988,GENE,2,0.2,1.0
0.37226991725,0.5849041595,0.9198923446683459,0.9861599352634325,1.04760927343299,1.5569173699999999,2.5594993410000026,0.46664240500000004,0.6651418125000002,0.9318758299128094,0.9905877001897245,1.034613546373235,1.3751401729055257,2.1932337200000025,0.33489816660000005,0.5198407234090909,0.8863921461200357,0.97567475,1.067348275,1.7424384349999997,3.0172962209999983,GENE,2,0.2,1.5
0.3863179661666667,0.6231958741666667,0.9508906390263174,1.0107024125,1.1068384439655174,1.6153648745575222,2.6471053234117696,0.4884848136758893,0.7237033496441071,0.9439741578484719,0.9929479438937194,1.0781597754028343,1.4349023465789457,2.297772888750001,0.33617582858333334,0.5554806584615384,0.9833494908898305,1.0357089512396693,1.1441430583333332,1.831887261470588,2.8639722869999997,GENE,2,0.5,0.5
0.36812635131578947,0.5628241009302325,0.917112837654657,0.9749602931193662,1.054446981254519,1.537170566078533,2.3910643155,0.40856881733333333,0.6086837866666667,0.9004339420777038,0.9730613522072624,1.030267382225244,1.3102068230681811,1.929198441250002,0.33278152508888886,0.5239857025,0.9355845666666667,0.9787319,1.098307855128205,1.7335050924999997,2.7384191057142844,GENE,2,0.5,1.0
0.41835393878694155,0.6507146544565219,0.9472595588869998,1.0000268894009217,1.1023715007820645,1.7207946149999997,2.8837137116666716,0.51626974815,0.756605622797175,0.950077428902214,1.0,1.0747682875059348,1.5790427747272722,2.638392338750001,0.367306255,0.57002023,0.9443471000000001,1.00301835,1.1413053,1.8713546001785712,3.1224752729999983,GENE,2,0.5,1.5
0.36255883358333335,0.5702844895833333,0.931618599141985,0.9900922,1.0861736368365182,1.6752854649999998,2.7935830983333356,0.42830806481666667,0.6441408963844798,0.9256554313108432,0.9734648619167605,1.0693958792445981,1.5309607565066123,2.5290381780000004,0.32407711033333336,0.5156075125,0.956958890116279,1.00161875,1.110086925,1.8118011687499997,2.9497041639999972,GENE,2,0.8,0.5
0.3697154028654971,0.57521345,0.9321935566181367,0.9988010350572945,1.07717677912659,1.5402010306034482,2.5078290526666667,0.43768742638095237,0.6544450458706811,0.9366424288135549,1.0004547521600728,1.075450131737229,1.4469879931128495,2.287549777916669,0.3285722145,0.5231053722849462,0.9257241132432432,0.9873398200000001,1.0825175336538462,1.665999279999999,2.6598585079999957,GENE,2,0.8,1.0
0.35446052289743585,0.5513868858333333,0.9048410049547713,0.9885740763282873,1.0550162479670442,1.4932653021656004,2.2597204020000015,0.3868228788584906,0.6052864810909091,0.9079906088739746,0.990257251025767,1.0488897507802082,1.3655789177120667,1.9469283504615387,0.3311283286666667,0.510506975,0.8959485907303371,0.9871334,1.0630447853413654,1.6661986499999994,2.5682223365714285,GENE,2,0.8,1.5
0.3605223943112685,0.5090915979955262,0.7259809353440891,1.0014913092664093,1.1583443659960744,3.1454351041808843,7.9569621475525425,0.3606804883694021,0.479890430638895,0.655211499409657,0.8115868224047251,1.2162188483453542,4.416268737499999,11.295644373333337,0.3592277535166667,0.55523269734375,0.9131706850223896,1.0339854499999999,1.138465825,1.9298244949999996,3.4674097937499946,GENE,2,1.0,0.5
0.28978214317852824,0.43977246162709827,0.712459776464648,0.9796608250000001,1.2258090193207127,3.0250011699999972,8.4549345528572,0.2819394979958142,0.38784805600505906,0.6098108874502899,0.9131743177361854,1.503276715935335,4.334598937320916,12.220616261372603,0.35071229908333335,0.5504068131976745,0.9082918091240814,0.98994905,1.1072960986111111,1.8825600466666665,2.9812661109999983,GENE,2,1.0,1.0
0.3982034868695652,0.5829873127272727,0.8143886459365524,1.0193767441176471,1.3653670010835914,4.656513376891241,13.221689410717708,0.49267413312444996,0.5978193522864784,0.7540628360250509,1.0202330795346604,1.8314289750000001,7.732387159999995,17.43272233120276,0.3372638473333333,0.5440805717857142,0.9729512903347732,1.01877935,1.1708190803571428,1.8795107250549423,3.177686229999999,GENE,2,1.0,1.5
0.4547108986867816,0.7217381564545455,0.9992973202193924,1.0521101439628482,1.2418294123756524,2.3576593600000004,4.070819275833335,0.4824529111666666,0.7365570914285715,0.9747835947802198,1.0065151763262552,1.0866578706254157,1.4790444607692306,2.279339819649126,0.41203144991666674,0.70259591,1.04106845,1.13823915,1.5479487774216523,3.0009410449999927,4.9701149799999715,GENE,3,0.0,0.5
0.47001623175789475,0.7444475133333333,0.9594443223575788,1.026747735559389,1.3883508450310558,225.57406649999922,2079.8300400000053,0.47376408307142853,0.6967192,0.9466099108704361,1.001105116037184,1.0487011279782559,1.3859924029251696,2.2867618271611256,0.46728316200000003,0.786698345,0.9906432275,1.3215925192307691,6.232461338274933,837.9163149999994,3607.3663359999982,GENE,3,0.0,1.0
0.4496080356153846,0.734223812962963,0.9808982156597321,1.0351056841127337,1.344139475,13.240449799999979,53.74700201000005,0.42870196260714283,0.6801766870833333,0.9726119220588054,1.003525581091301,1.0673208817220736,1.3540135282926822,1.987647567000002,0.4877198014,0.84680788,0.9982761000000001,1.2787652925101214,3.5240624665775395,26.506300549999967,74.67082319999963,GENE,3,0.0,1.5
0.39461244979166665,0.574385685,0.9575838166666667,1.0033174343337072,1.0654018152241114,1.5869099562196307,2.6676865600000017,0.4443786460701754,0.6635931731086957,0.9746655128763206,1.0074273958872724,1.068264401157514,1.397172287105263,2.306963156500006,0.3442155325,0.5148449549999999,0.9109932008489723,0.99875176,1.0586855039738432,1.80753966625,3.026602301999999,GENE,3,0.2,0.5
0.3794601964666667,0.601905495435016,0.9361651583227906,0.9925476788067005,1.0787758633295839,1.546268855,2.4997607233333357,0.46899545582142854,0.6949925928313253,0.940374984318647,0.9879302741702742,1.0481347896017699,1.3880203627450967,2.1130281850000068,0.33250852476666665,0.5423305659090909,0.9304999625,1.0033282999999997,1.1213041916666666,1.7133208216666667,2.8065234849999965,GENE,3,0.2,1.0
0.34832653704032257,0.5488236494318182,0.9278632594689951,1.005927257910185,1.0649581892200368,1.4432888049999997,2.2146006190000023,0.40586107050000003,0.621682825883007,0.9390211461772786,1.0003897622450306,1.0403080779411766,1.2978321733333325,1.861561683000001,0.27677594796590915,0.5018793683333332,0.8932092667932678,1.0218087,1.1108988505076143,1.6028819999999986,2.378185987999999,GENE,3,0.2,1.5
0.3646994755,0.594832134245283,0.9601542358823529,1.0030399255329425,1.096966229032258,1.557003842727272,2.4387780923529454,0.4542912585582822,0.6938698045609548,0.9703204659402089,1.0049795727038462,1.0895599645833625,1.444563637135342,2.173226895842106,0.3227556892666667,0.5272106375,0.9425702270150945,0.99954193,1.1066075354122622,1.6985741924999995,2.634961129523808,GENE,3,0.5,0.5
0.36784903874999997,0.5855823092857142,0.9530012922802816,0.9986757418746799,1.0867834080106855,1.5432146431578946,2.4879857500000147,0.44644833371428577,0.6709941672232249,0.9475500304076967,0.9936307152490038,1.06178807192379,1.3960592399999987,2.0792196450000002,0.32689633072268903,0.52816313,0.9575711270975058,1.0073325274209735,1.1273183366235007,1.7103953999999983,2.8198683729999985,GENE,3,0.5,1.0
0.4119002741230686,0.6219526646997929,0.9611405526922694,1.0237106008036339,1.1191440844936706,1.6170911749999999,2.440695318666691,0.46586027729665075,0.6942754936363635,0.9604041169895678,1.0038922838021045,1.0809096803521645,1.4528506199999982,2.1399324600000003,0.38638213983333336,0.5574414675490196,0.9637213036623817,1.0482036181818182,1.1693873803716608,1.7894471138888888,2.7044161934999953,GENE,3,0.5,1.5
0.38304404919047624,0.5821339445,0.9044687975722142,0.9872531382435367,1.0572790407894739,1.5629788149999997,2.692510957500003,0.46543859941075155,0.6369729275,0.9030272009621693,0.982901712723331,1.0386871705579752,1.4180592884615382,2.435031035000001,0.33746631633333335,0.5315330716666666,0.9075419689647767,0.990795075,1.090339872027972,1.69732539771978,2.806547507499999,GENE,3,0.8,0.5
0.37754262358823526,0.5817039949999999,0.96080425,1.0084697441612882,1.1095006669356415,1.6201807799999994,2.641501154500002,0.4194310946640316,0.6604875194922547,0.971556414992915,1.0121823311083884,1.105899413613081,1.49736460458477,2.308484049000004,0.3466189265333333,0.5286114056818183,0.9511677014333646,1.00231425,1.116439495,1.747360235,2.895921449999993,GENE,3,0.8,1.0
0.4080234665333333,0.6123642096969697,0.9487622025948614,1.0029309695011337,1.10502007750258,1.654077915,2.7973907210000095,0.5067268335178572,0.7122244839164455,0.9486826072292769,1.0004547521600728,1.088807593386521,1.5646061305272103,2.519056755000006,0.3526328816140351,0.5417980658333332,0.9491337215909091,1.01138985,1.129489635515403,1.7381133313636359,2.9518460744999957,GENE,3,0.8,1.5
0.24850899687016956,0.41228727420727745,0.6607193852886337,0.9826005099999999,1.121475175,2.174504737433154,4.728410833333364,0.23643119462541634,0.3670336676396908,0.571789603822268,0.7792120339000053,1.1242272113425926,2.5029612949999955,5.777770883157904,0.3422037203380737,0.551845955,0.9283703859649123,1.0177116499999999,1.1200397500000001,1.8983105899999984,3.1435990066666646,GENE,3,1.0,0.5
0.2778241760692641,0.4371226286909814,0.6658151898283596,0.94193922,1.1769895455284551,5.039687305496777,17.039839549415273,0.2589486429159079,0.3982982973493816,0.5839006594039071,0.8111596371731717,1.5957812375,9.244809690544407,21.23582077196262,0.3284916984666667,0.5228338325,0.8606113884221367,0.95893243,1.06279545,1.7381593174999999,2.9601461174999963,GENE,3,1.0,1.0
0.40173199381298696,0.5485209921753247,0.767897089252593,1.016740622691706,1.2947979208123843,4.0667516730392155,12.327321055454611,0.42897824748033214,0.5437522831324848,0.7057827301307511,0.9606193658008658,1.7631244865384614,6.606403050943384,16.44130605684432,0.3592630110833333,0.5578399450000001,0.9301669,1.02276125,1.13055145,1.8537849699999982,3.0198298179166656,GENE,3,1.0,1.5
0.5106404765,0.7723644462543555,1.0,1.06410185,1.585593925,53.970776749999935,639.0375128000023,0.48909064396153845,0.6998471978846155,0.9722480634790741,1.0062978158732698,1.0735453977254346,1.3867865787749283,2.1922352565000014,0.5461264761789474,0.911621515,1.0692457157894735,1.59000375,4.180176117996604,223.39199899999957,1275.6509474999868,GENE,4,0.0,0.5
0.5047300935,0.7482126941558441,0.9844336973314607,1.0531044172506738,1.695042134051724,820.8310854166648,7066.596239000019,0.48337954999999994,0.6957892387514495,0.9465617878354523,1.0009099181073704,1.0544438759369057,1.372500884307692,2.333898067166669,0.5365566258333333,0.8806241961420722,1.076600875,1.7369700578947365,53.74682327272727,3283.7568399999996,9491.847459999997,GENE,4,0.0,1.0
0.3926742056666667,0.6456174284444445,0.9825183406387232,1.0446286142857144,1.4692863083333334,324.4545279999999,1727.68220900001,0.46157927254545456,0.678035575,0.9728970737378035,1.0032667623940859,1.0684703938848923,1.3894800539627035,2.0802823958313263,0.3203958536666667,0.6037567408333334,1.012194436031042,1.433387725,11.316464750000002,859.5595399999967,2812.7370129999963,GENE,4,0.0,1.5
0.3407764766666667,0.5406960102962732,0.9391922349999999,1.0007508336224453,1.069773631335357,1.4752569524999999,2.3842135846779753,0.4044376513333333,0.6274445772222222,0.9526613516593665,1.0051754947574847,1.0615569219929317,1.3283690249999998,1.7976483702368424,0.27562535490000006,0.48802555833333333,0.9280081589552238,0.9836785000000001,1.0949928500000001,1.6786370675,2.779569660999997,GENE,4,0.2,0.5
0.43808534575438596,0.6670611577631579,0.961509288895894,1.0091959100850496,1.1193776000000002,1.7137661532894732,2.893219230000003,0.4852983881,0.7230702345786517,0.9480785058098805,1.0007147962830594,1.0625337807150346,1.4406000018867922,2.3833069515000047,0.36296614600000005,0.6137120535714286,0.97774035,1.03099205,1.2201509024888273,2.034261301666666,3.336718053999995,GENE,4,0.2,1.0
0.3725181938666667,0.5823691418579234,0.9315037614200916,0.9991068000726111,1.067789825,1.5250301130341872,2.538982928000004,0.43961563600000003,0.6713866727272727,0.9410864343165773,0.984336047435606,1.0498172254599445,1.3647521499999977,2.193336403000005,0.3331231870748299,0.5312827450000002,0.8976689375,1.0143271,1.0865635492574257,1.6930968062499998,2.725014939166665,GENE,4,0.2,1.5
0.4207864225,0.6534937475,0.9470413710436157,0.9936242421660708,1.1129026341719077,1.7212922524999998,2.9087730875000126,0.481169345,0.7177843681982483,0.9387791057887416,0.9776689610923432,1.0627592685185183,1.4395634692982455,2.4440739736666672,0.34635871134388185,0.5839490875000001,0.96426705,1.0169861,1.1902603250000001,1.983091095,3.2829614289999993,GENE,4,0.5,0.5
0.35371091683333333,0.5789387634090909,0.9475614342700275,1.0007147962830594,1.094893088163605,1.5093623346969693,2.383606270833337,0.4317944084305556,0.661892665625,0.9620418670075919,1.0018150946384732,1.0837629424562243,1.3981424654761903,2.01101520188889,0.3124560123297491,0.509730472826087,0.935127911904762,0.9934104850000001,1.1126242165680473,1.6267654233606557,2.4778092244444414,GENE,4,0.5,1.0
0.3829244505777778,0.5982961886363637,0.9348518094512195,1.01042405,1.0766389363968352,1.50327573,2.452742377000002,0.4571916922380953,0.669533895,0.9374458795676005,1.0001948431512633,1.0488045685883236,1.3495555916666666,2.115162459583334,0.3473536183125,0.5287224084375001,0.9316283101045296,1.02900365,1.11270705,1.662212991111109,2.6754970099999986,GENE,4,0.5,1.5
0.37305803297132617,0.572811435,0.9305677996573904,1.00031425,1.090408963557889,1.5853381249999994,2.6549503900000015,0.44401907161643833,0.676654570530303,0.926002753093893,0.9805364751378172,1.0751172780079714,1.469285610606423,2.3420377425171623,0.35186201452380955,0.524629574375,0.9556555738228252,1.0117255940409684,1.1088753576923076,1.7086033420833322,2.890704194999999,GENE,4,0.8,0.5
0.382176026,0.5887330029166666,0.9603291439838415,1.0361235416389811,1.111271771893703,1.5271202349999986,2.4114964480000007,0.4415512840833333,0.6779202994444444,0.9695342341685118,1.0109769431129956,1.1011524312925172,1.4613766238888881,2.335367195000001,0.33289235078319335,0.5292087536057692,0.9246130954925047,1.0512801,1.1214707902097902,1.6327239458823528,2.5107431159999996,GENE,4,0.8,1.0
0.3635826659333333,0.5529582633333334,0.9318655665477311,1.0000649392817715,1.0848529619205296,1.47377273125,2.313965070965519,0.4241381940000001,0.6087636105,0.9396411032929437,1.0007648317010864,1.0766094182116164,1.3478041485849046,1.9635087870000014,0.3358860261666667,0.5194473702173913,0.9045352693181818,0.9917612849999999,1.0983688198433421,1.6077964874999997,2.567230033999999,GENE,4,0.8,1.5
0.35631602800907025,0.5120536992969021,0.686125894676763,0.9976374232436471,1.143502575,2.2522923002433086,4.026793465783133,0.38061411398080186,0.4984407580392559,0.6268738790144291,0.8079907171717171,1.22359017668964,2.5284304619528606,4.866123217571789,0.34697106866666666,0.5338945648584905,0.9094703726458072,1.0202396,1.0998047747435389,1.7808047999999992,2.973564629999998,GENE,4,1.0,0.5
0.40193687176666665,0.612053698450178,0.8215729746371631,1.02873275,1.315367611904762,3.4601624856272126,10.622849560000075,0.5328975793049199,0.6270497406345247,0.7742688805965172,0.9791530179407701,1.6175341532874037,5.873574459999992,14.417395470189714,0.3470277610512821,0.5698561570454544,0.9738388823324022,1.0363221,1.174402750609756,1.8595414333333316,2.8327544399999995,GENE,4,1.0,1.0
0.45180857121082624,0.6543787439391923,0.898685399062842,1.0283031999999999,1.4369268577030812,11.42157134717645,37.31501350524745,0.5954643636752365,0.6934873617734724,0.8691304406898097,1.0851828692865104,2.3396079755639096,20.29818370774497,46.778222000000106,0.364968046,0.5838847923484849,0.9634216947565544,1.01821545,1.1569673999999999,2.0512010916666656,3.376534886999997,GENE,4,1.0,1.5
0.0,0.5439889842710998,0.9108032439221089,0.9931628562054184,1.1409828000000002,2.5433433301541672,5.036794332500003,0.44812880071428574,0.6503385955968689,0.9254047356595441,0.9875417795253806,1.0208946213922838,1.3110248603448276,2.059311593666667,0.0,0.2736552265000001,0.899099225,1.0393287850543478,1.530072586437723,3.512999631666665,6.850215636666657,GENE,5,0.0,0.5
0.4910610250666667,0.7562638315771351,0.9924157144378658,1.0609667703560373,1.5278355500000003,28.09049079999995,175.7190570000014,0.4730694551391929,0.7001101876623378,0.9563630265445362,1.000742006432934,1.0503715800316376,1.397837884482758,2.1939665074444497,0.5138883965,0.9119620335732016,1.1144475808510639,1.509044042931937,4.041212025,67.78795949999997,346.57753226666614,GENE,5,0.0,1.0
0.0,0.43100259333333335,0.9315148982456141,1.0079218786013053,1.210248675,6.210882124999988,126.35143960000066,0.43258407880000005,0.6536356612499999,0.947560974986193,1.0005847573257098,1.0376256387940708,1.3088212925,1.9400203696923077,0.0,0.07747698660000003,0.9042636,1.1259912918660286,1.9998975438524589,22.425161849999977,203.5443302999987,GENE,5,0.0,1.5
0.39240473076923077,0.6057627683333333,0.9617688588961132,1.0034885500000001,1.0980729207066264,1.5963742066447366,2.698320009000009,0.48538094992857134,0.7112245919811321,0.9691184598511267,1.0026370113409309,1.088406397063841,1.4599785374999998,2.2757238380000007,0.33550880166666674,0.5313366675,0.9532274999999999,1.0052379500000002,1.1148656093749998,1.7918964713636358,3.0463279994999874,GENE,5,0.2,0.5
0.3622127588571428,0.567219275,0.93682971,1.0001298869983115,1.0581769517370703,1.495659953333333,2.5498640273333457,0.444291114,0.6689983392156864,0.9470879307725796,1.0013003901170352,1.0463644392119305,1.3243964104166661,2.043270385808824,0.32062237984999997,0.5222701676836159,0.9221867028409092,0.9861817500000001,1.0801896361111112,1.6419900681818174,2.90345123966666,GENE,5,0.2,1.0
0.38686928112499996,0.6162432482608695,0.9520753075,1.0007147962830594,1.0974330426406265,1.6212433749999997,2.697314751000008,0.504600406888889,0.7262797358333334,0.9598609761834294,1.0009099181073704,1.0728848079757922,1.4387011884210514,2.2601808725000008,0.33514873036666665,0.5495127242424243,0.946209745,0.99919642,1.1401353693877552,1.8362446678571425,2.951312465999998,GENE,5,0.2,1.5
0.38246132283333334,0.5785497046551724,0.9296975475,0.9890301541574368,1.0670486205935905,1.4965415566666667,2.3238401208333364,0.4444563502059925,0.6522204119444444,0.9290744821359341,0.9957302226165543,1.0412049098589606,1.3597971568249734,2.014758355000004,0.32264827204411767,0.5060234875,0.929942765,0.975139875,1.112052225,1.6272062749999994,2.5034741034999963,GENE,5,0.5,0.5
0.3727501303809524,0.5902344911111111,0.9430901062911184,1.0,1.0764561412004587,1.586662304512195,2.637558143000009,0.4809899625,0.7087922102820091,0.953477209065934,1.0009099181073704,1.065556559363126,1.4658948278424566,2.266281885000001,0.3265680712222222,0.5294680800000001,0.9326453147727273,0.9850207499999999,1.0950895875,1.6770032974999978,2.7740250394999983,GENE,5,0.5,1.0
0.37550767039869276,0.5990888333333334,0.910097768566992,0.989849382781457,1.058851875,1.5425184222580641,2.5528243325,0.44542780258333337,0.6697213120157645,0.9140020741065802,0.9748718181890195,1.0352956116573313,1.380391393531108,2.157037025750002,0.33711946733333337,0.5303270039682539,0.8932904553622771,1.0046825,1.0874799714285717,1.6946022158218124,2.7738542902857133,GENE,5,0.5,1.5
0.34078903824999995,0.5514989285294117,0.9058379824999999,0.9873568867128396,1.0494024459008688,1.5028308752564101,2.3404687211428756,0.40177808791666664,0.6451015531338058,0.9155350797332897,1.0,1.0486100584285034,1.46215712910798,2.2247944879692505,0.30134267048484853,0.4949198115,0.883389255832663,0.9713006500000001,1.050204275,1.5342194794117645,2.5068798864999966,GENE,5,0.8,0.5
0.36527688136111114,0.5659208825,0.907229068076741,0.9743570416218756,1.0490769596153846,1.5011481983683552,2.356557115333338,0.4372247845,0.6746842004504504,0.9198693072290294,0.988879925950923,1.0526449873980954,1.4567485133928568,2.2443151590000006,0.31210155025,0.500591924,0.869967007806261,0.952801485,1.0446262185893773,1.540247136465517,2.482448033928568,GENE,5,0.8,1.0
0.38252198869047616,0.6051170633333334,0.961047745,1.000356624828468,1.1337322102396516,1.681934455555555,2.5921839525000063,0.43496370807142853,0.6700044627727634,0.9546251156476654,1.0011010639946876,1.1028244211047837,1.5585392889784944,2.27987051425,0.3334920338030303,0.5401120575,0.964529045,0.9956631,1.172651847413793,1.810606974999996,2.801386188499998,GENE,5,0.8,1.5
0.3635619145833333,0.5181618721698112,0.7657852178169444,0.9843044383268482,1.1591468868562231,3.967886601840365,13.188706228181832,0.3726130913500458,0.5136467098837597,0.7212997506671179,0.8973467529529068,1.316797618556701,6.462051789452489,17.201524584638566,0.33720512458333335,0.5233610424999999,0.9121966193181819,0.99739623,1.0966027387755102,1.7313933831043948,2.9184263046666645,GENE,5,1.0,0.5
0.3623247753294574,0.5380098425000001,0.7994272654038195,0.9608081395890411,1.2730762447916666,4.225290444999997,14.16278344567149,0.3880524059791667,0.538247205,0.7489156174250535,0.9388473513378477,1.6020703277182307,7.25754263244633,19.928074138674738,0.336916799,0.5382609725,0.9028317125,0.96691355,1.118116175,1.8813317724999998,3.2676381829999928,GENE,5,1.0,1.0
0.3614993561698901,0.49858571779714533,0.7029422865931907,1.0110267333333334,1.15015761875,2.209479514999999,3.9209989455000125,0.3798860456666666,0.4854189316619734,0.6348996859192283,0.8076405821442973,1.2002072794117646,2.4878606244444432,4.67345686387382,0.34470219542857145,0.5447437366666666,0.9249443898904383,1.0422869,1.130118897101449,1.7655897676315775,2.9126022299999987,GENE,5,1.0,1.5
0.2956631334,0.471846519,0.8987450389285714,1.0091066864698894,1.1287072901785713,2.0815784392857113,4.485878151000004,0.4444004407142857,0.6776588314912281,0.9626578353144009,1.0080843135860507,1.0619402545235914,1.323504158152866,2.19590454625,0.2667519202,0.35416913650000004,0.788944275,1.0161188,1.3270245785714287,2.792139817499999,6.512744466999993,GENE,10,0.0,1.0
0.39198597325,0.6284954754545454,0.9786834617841804,1.0151643638522427,1.1182909162171202,1.6566857282258063,2.7403810377142857,0.5016797844242424,0.7274591966666667,0.9820919706423938,1.011171089954038,1.0864885276200544,1.4453939554918023,2.315282990500002,0.33216802014814817,0.5502413825,0.9766171875,1.0233389000000002,1.180770725,1.8994214374999998,3.2152246316666613,GENE,10,0.2,1.0
0.40791146190909094,0.6223844583333333,0.9344698507675783,0.9974045502208222,1.0904874840451835,1.593256526296296,2.729299312333335,0.4786973267424242,0.7001924187790698,0.9295790929617506,0.9857618523185785,1.0670645655987219,1.419683490886287,2.2688936835000004,0.3621040079166667,0.5630493279411766,0.9489585507943145,1.01298735,1.133164944827816,1.8013684423076894,3.0785833519999977,GENE,10,0.5,1.0
0.41241004350000005,0.6187165433636364,0.9174487290239726,0.990144845,1.0721197125000002,1.6447561999999996,2.7350060016666693,0.45211641516666673,0.6579252309621993,0.9058953080138691,0.9801818409244903,1.0438766333653393,1.4142746062197087,2.3730588330000004,0.35414557277777775,0.57511908375,0.9445171384146342,1.0003799,1.1163572796596433,1.8670843699999995,3.1895395949999963,GENE,10,0.8,1.0
0.3893437787878788,0.5448578949397591,0.7543832538604922,0.9871567750000001,1.2093202793090063,3.401432742307688,10.4000295194446,0.43582923126966,0.5521657806300522,0.7071421242445798,0.8879591131254925,1.4429555138888888,5.599795323564113,13.924439892500004,0.35073895981981984,0.5357318750000001,0.8770902570422535,1.0021011,1.102461975,1.8150979549999997,3.042999248,GENE,10,1.0,1.0
0.19508952733333332,0.6264361590209868,0.982123114212438,1.0429783628742515,1.3631070339285714,9.766593574999993,382.73878900000204,0.48889122813333336,0.7069691821794872,0.9635317271742282,1.0030286264586086,1.0603275069918165,1.4045108555127652,2.1210180633333366,0.07353630270000003,0.5001193505,1.030993325,1.2938886713286712,2.2881477,144.92174349999988,625.6279792999969,GENE,15,0.0,1.0
0.3802704233333334,0.60658932125,0.9379779769586439,1.0031599168508705,1.0711821881723915,1.5237622299999998,2.4624116195000028,0.4716858535833333,0.6990873375000001,0.9379036423755752,0.9960511914099195,1.044339422236901,1.3802219992674345,2.0542184286470593,0.322053146872449,0.5218163,0.9392053798165334,1.0186806000000002,1.1053025500000002,1.691785300833333,2.664315525999999,GENE,15,0.2,1.0
0.3701680514,0.5779358044444444,0.9022825523973147,0.9911782422579074,1.042948025522438,1.482701769270833,2.3531876570000008,0.428469704,0.6447513604389737,0.9063512744171393,0.9813565112143913,1.0249794247845596,1.3149016432471259,2.0170127734509804,0.3262750119666667,0.5231610637931036,0.8959256896402698,0.9988053299999999,1.0728860500000001,1.6459447012499997,2.5299199616666663,GENE,15,0.5,1.0
0.37768826650537635,0.61147122,0.9477307503648068,1.0150411272248592,1.1065614454682289,1.5965832674999998,2.5007282360000085,0.45561067740259736,0.7043196021447272,0.952200784902848,1.001105116037184,1.090787850380146,1.5225955804545452,2.4150200760000002,0.2997920805,0.5392526466666667,0.9283008727272728,1.030643,1.1231009977272728,1.6937506704980843,2.755630280999997,GENE,15,0.8,1.0
0.005398780172053123,0.023813885092770666,0.425250330207425,0.926866078208556,1.0905301711538462,1.8902639816666658,3.344938195333359,0.004005575099912896,0.010975349903154694,0.1418391242186451,0.4956030087426746,0.946403377027027,1.939314618627006,3.599084327142862,0.38518813700000004,0.5725297378236068,0.9597889360955056,1.0368205000000001,1.13653092652455,1.8688541924999995,2.9917772139999994,GENE,15,1.0,1.0
